{
  "schemaVersion": 1,
  "id": "sodium",
  "version": "0.4.10+build.24",
  "name": "Sodium Reloaded",
  "description": "Sodium Reloaded is a free and open-source optimization mod for Minecraft which improves frame rates and reduces lag spikes.",
  "authors": [
    "SargerasARM (Vishnu)",
     "CaffeineMC (Original Author)"
  ],
  "contact": {
    "homepage": "https://github.com/CaffeineMC/sodium-fabric",
    "sources": "https://github.com/CaffeineMC/sodium-fabric",
    "issues": "https://github.com/CaffeineMC/sodium-fabric/issues"
  },
  "license": "LGPL-3.0-only",
  "icon": "assets/sodium/icon.png",
  "environment": "client",
  "entrypoints": {
    "client": [
      "me.jellysquid.mods.sodium.client.SodiumClientMod"
    ],
    "preLaunch": [
      "me.jellysquid.mods.sodium.client.SodiumPreLaunch"
    ]
  },
  "custom": {
    "fabric-renderer-api-v1:contains_renderer": true
  },
  "accessWidener": "sodium.accesswidener",
  "mixins": [
    "sodium.mixins.json"
  ],
  "depends": {
    "fabricloader": "\u003e\u003d0.12.0",
    "fabric-rendering-data-attachment-v1": "\u003e\u003d0.1",
    "fabric-rendering-fluids-v1": "\u003e\u003d0.1"
  },
  "breaks": {
    "optifabric": "*",
    "canvas": "*"
  },
  "jars": [
    {
      "file": "META-INF/jars/fabric-api-base-0.4.23+9ff28bced8.jar"
    },
    {
      "file": "META-INF/jars/fabric-rendering-fluids-v1-3.0.20+f1e4495bd8.jar"
    },
    {
      "file": "META-INF/jars/fabric-rendering-data-attachment-v1-0.3.27+afca2f3ed8.jar"
    },
    {
      "file": "META-INF/jars/fabric-resource-loader-v0-0.10.9+711cde8ad8.jar"
    }
  ]
}